<?xml version="1.0" encoding="UTF-8"?>
<project-private xmlns="http://www.netbeans.org/ns/project-private/1">
    <editor-bookmarks xmlns="http://www.netbeans.org/ns/editor-bookmarks/2" lastBookmarkId="0"/>
    <open-files xmlns="http://www.netbeans.org/ns/projectui-open-files/2">
        <group>
            <file>file:/Applications/MAMP/htdocs/apps/logs/connection/conn.php</file>
            <file>file:/Applications/MAMP/htdocs/apps/logs/admin/calendar.php</file>
            <file>file:/Applications/MAMP/htdocs/apps/logs/admin/profile.php</file>
            <file>file:/Applications/MAMP/htdocs/apps/logs/register.php</file>
            <file>file:/Applications/MAMP/htdocs/apps/logs/admin/mailbox.php</file>
            <file>file:/Applications/MAMP/htdocs/apps/logs/admin/payments.php</file>
            <file>file:/Applications/MAMP/htdocs/apps/logs/admin/index.php</file>
            <file>file:/Applications/MAMP/htdocs/apps/logs/login.php</file>
            <file>file:/Applications/MAMP/htdocs/apps/logs/clockin.php</file>
            <file>file:/Applications/MAMP/htdocs/apps/logs/admin/employees.php</file>
            <file>file:/Applications/MAMP/htdocs/apps/logs/admin/edit.php</file>
            <file>file:/Applications/MAMP/htdocs/apps/logs/admin/news.php</file>
            <file>file:/Applications/MAMP/htdocs/apps/logs/connection/db.php</file>
            <file>file:/Applications/MAMP/htdocs/apps/logs/admin/delete.php</file>
            <file>file:/Applications/MAMP/htdocs/apps/logs/admin/myprof.php</file>
        </group>
    </open-files>
</project-private>
